"","Mouse.gene.stable.ID","baseMean","log2FoldChange","lfcSE","pvalue","padj"
"1","ENSMUSG00000000982",40.8201248352247,3.03352229911209,1.18060071414809,0.000263138005354926,0.00679512905519656
"2","ENSMUSG00000001228",197.089165660026,1.23034396143697,0.310962264275101,3.33183487191117e-06,0.000187671799176744
"3","ENSMUSG00000001403",71.1544374229336,2.68910122924554,0.335094652710982,6.31857235643768e-17,2.89407241746836e-14
"4","ENSMUSG00000001517",163.553085315762,1.67922170432208,0.351558760138348,7.91487062537458e-08,7.61095708478699e-06
"5","ENSMUSG00000002020",51.0329650181486,2.48674599205025,0.849796733201021,0.000106575541659634,0.00333623615573009
"6","ENSMUSG00000002699",78.7425813612039,1.12441127239876,0.348115127145222,5.10154504200451e-05,0.00184599566436774
"7","ENSMUSG00000003779",148.260493856516,1.95782023166509,0.294890910212182,1.56561053334267e-12,3.83795089194778e-10
"8","ENSMUSG00000005087",209.023704806271,1.55657689669353,0.429503683663771,1.12925427256145e-05,0.000522730601434361
"9","ENSMUSG00000005364",395.422770229175,1.34090134079027,0.474516560929556,0.000162015745334732,0.00465327400585977
"10","ENSMUSG00000005470",35.4308174111423,1.28601294377768,0.518062442106229,0.000437627620656336,0.0102653756570398
"11","ENSMUSG00000006398",128.582178991834,2.09692965653719,0.367562002041462,5.49331998808463e-10,9.75624840740949e-08
"12","ENSMUSG00000008193",16.0409700621763,1.72512129611678,1.08673778710875,0.00236540814882011,0.0368575907163957
"13","ENSMUSG00000012443",139.793701530747,1.88706952151121,0.236942621163036,8.92751905348372e-17,3.98419151604831e-14
"14","ENSMUSG00000014599",564.42266917465,1.11304687399633,0.38745501650063,0.000151383496891253,0.00445072595167612
"15","ENSMUSG00000015090",770.840265485607,1.10545971459154,0.400108759332183,0.000202585528306513,0.00553539225012207
"16","ENSMUSG00000015880",52.4808034419006,2.24215259734667,0.410789190271429,2.37022695974295e-09,3.61875440651982e-07
"17","ENSMUSG00000017146",75.0464168876604,1.14750820999695,0.391359316914734,0.000129649227689904,0.0039108228907154
"18","ENSMUSG00000017716",90.4742215478236,1.71802067705571,0.296176675909221,3.22577352754393e-10,5.97282853690448e-08
"19","ENSMUSG00000019942",96.97853865067,2.43876687445105,0.297223261641504,1.32211294560512e-17,7.19105494320536e-15
"20","ENSMUSG00000020330",125.5698167478,2.625935409753,0.339796825357587,5.94025492739824e-16,2.34977584116742e-13
"21","ENSMUSG00000020493",35.8041036469619,1.3341525729377,0.46875166772878,0.000166158416871688,0.00472546935564007
"22","ENSMUSG00000020649",315.83105093985,1.3970014827893,0.16350560524131,6.98914798681662e-19,4.86584482842173e-16
"23","ENSMUSG00000020897",51.2510043531404,1.84851472099081,0.51113998873116,1.19817882927536e-05,0.000551701124961314
"24","ENSMUSG00000020914",371.978605982136,2.40119774032716,0.193376690223589,1.16678623976009e-36,2.9011306432892e-33
"25","ENSMUSG00000021056",58.3210019127931,3.0780784756874,0.643468197377353,7.4277996119477e-08,7.30062105964203e-06
"26","ENSMUSG00000021091",116.270569649422,2.20554182225029,0.687076811677008,4.45424336631988e-05,0.00165172767616707
"27","ENSMUSG00000021485",28.527943320018,1.9384014551258,0.566015346460756,2.55856674500305e-05,0.00103803855936546
"28","ENSMUSG00000021965",21.3877934022801,1.42379458446986,0.791892013071989,0.00178308260526693,0.0301599152037618
"29","ENSMUSG00000022021",44.709035997679,1.99009927763166,0.419040584524476,9.83895720761002e-08,9.0606904866906e-06
"30","ENSMUSG00000022033",90.6097205527611,2.21555578056667,0.358122832120262,3.14599568960412e-11,6.59711505753732e-09
"31","ENSMUSG00000022034",61.048004620691,2.32151837067887,0.351246554270952,2.18593799845335e-12,5.08479358033453e-10
"32","ENSMUSG00000022322",48.0920086458699,1.11883588921689,0.453272018065568,0.000469780445743785,0.0108012267611236
"33","ENSMUSG00000022385",47.7157454726792,1.19371677809348,0.418038449203905,0.000163407421388186,0.00467698397156857
"34","ENSMUSG00000023015",133.91939825865,1.43050637332634,0.294596528173952,5.63911367713578e-08,5.77345726767931e-06
"35","ENSMUSG00000023274",43.9382085364339,1.3675028818763,0.731450143327524,0.00150078333909374,0.0265999328074609
"36","ENSMUSG00000023505",139.053872600411,1.45126338867677,0.32075773290032,2.73343889393946e-07,2.21281413716355e-05
"37","ENSMUSG00000023940",28.4067100363374,1.20998384711372,0.804686948005599,0.00279369991077622,0.0418453932418761
"38","ENSMUSG00000024056",32.1140274934087,1.56352651909388,0.50710210454496,7.88947664212492e-05,0.00263563034464845
"39","ENSMUSG00000024672",48.5654087586964,1.17870271590531,0.650904468742156,0.00174889466258,0.0296681399631627
"40","ENSMUSG00000024791",29.0799017765168,1.51402072476463,0.526398500944568,0.000150850670706533,0.00445009478584273
"41","ENSMUSG00000024989",32.0424258914969,2.27201764652768,0.499201547252159,2.67416988797871e-07,2.17494985515278e-05
"42","ENSMUSG00000025355",79.6899363583895,1.46439854773326,1.22039632214662,0.00321573688226509,0.0462561160626644
"43","ENSMUSG00000026039",52.5994459149531,2.03599850195324,0.407125325809065,2.70756016745945e-08,2.98260029839441e-06
"44","ENSMUSG00000026429",23.8017124365453,1.63595927477136,0.570534831499647,0.00015746399942768,0.00457539383979763
"45","ENSMUSG00000026475",30.2848613291075,1.45827985183978,0.633015379167611,0.000635919150147033,0.0136813013699742
"46","ENSMUSG00000026605",175.704625785824,2.75187572333694,0.303027685407606,6.07359053442562e-21,5.2855421625839e-18
"47","ENSMUSG00000026683",52.3447269660085,1.74140171218785,0.378227978926687,1.98319072678983e-07,1.66750891786362e-05
"48","ENSMUSG00000026981",17.9191295588985,2.00018260232909,0.981928475075384,0.00108748073036386,0.0205511423582878
"49","ENSMUSG00000027326",81.2708693391148,2.10375358336772,0.344049756230468,4.95899396613188e-11,1.01542694094736e-08
"50","ENSMUSG00000027331",87.1609580036049,2.09627574033103,0.309312811897236,6.44448525822054e-13,1.72563486029736e-10
"51","ENSMUSG00000027379",32.2973550810569,1.98267808989817,0.561939506989801,1.71656538419536e-05,0.000741360310469485
"52","ENSMUSG00000027469",127.902537049104,2.44168764556542,0.33141131998188,8.79479661135735e-15,2.88817801925801e-12
"53","ENSMUSG00000027496",57.0020105425144,1.97628361436336,0.387600792654886,1.64638869396444e-08,1.92318088714437e-06
"54","ENSMUSG00000027715",193.057925396066,2.13324387088856,0.259680886459441,1.09208317922951e-17,6.33590257816319e-15
"55","ENSMUSG00000028068",84.3869901245078,2.53854357314091,0.316217909434486,6.00266498318799e-17,2.82368605492938e-14
"56","ENSMUSG00000028175",31.0255237741863,2.16610817674803,0.567241770984458,5.91750797106592e-06,0.000304716645669829
"57","ENSMUSG00000028678",37.5578644346587,2.53896040307804,0.455775929606876,1.63832388714477e-09,2.59227520506862e-07
"58","ENSMUSG00000028718",31.5268236245266,1.44268539135233,0.544623774243006,0.000280642652729272,0.00714736868179335
"59","ENSMUSG00000028874",68.6395638920285,1.16247486927017,0.364672804734581,5.84303764155313e-05,0.00207124379126746
"60","ENSMUSG00000029177",123.637029806112,1.13242042600022,0.24404748048774,1.6919770913077e-07,1.45068282138968e-05
"61","ENSMUSG00000029414",75.1885551359578,1.42350732201956,0.360025483984418,3.30962400412429e-06,0.000187025992830465
"62","ENSMUSG00000029659",44.29733225536,1.74905729993978,0.743145453865896,0.000524775427557465,0.0117799305771804
"63","ENSMUSG00000030236",26.3017892517588,1.46288947183469,1.13205432185782,0.0031739936141405,0.0458451110822535
"64","ENSMUSG00000030346",31.096957718748,1.31196431998311,0.543527636285504,0.000520914441217277,0.0117289985114964
"65","ENSMUSG00000030677",60.8544542167365,1.85269017541795,0.414501752982866,3.52439035023355e-07,2.72631173536956e-05
"66","ENSMUSG00000030786",117.343738863331,1.18089833947856,0.429959654116779,0.000214971066716973,0.00578295427543881
"67","ENSMUSG00000030830",169.111008058837,1.221760003643,0.278725315865841,5.37242992337192e-07,3.9454490639784e-05
"68","ENSMUSG00000030867",68.3694786234887,1.53863927329977,0.368488896659679,1.33474392216117e-06,8.42901634252062e-05
"69","ENSMUSG00000031004",642.779604403555,2.71323714672462,0.170532973198195,3.18784137004525e-58,1.84947930152125e-54
"70","ENSMUSG00000031262",25.6987349882434,1.82888512771965,0.533144262036868,2.59901884812512e-05,0.00104712784841708
"71","ENSMUSG00000031506",37.277722053717,1.49192005623711,0.574710230572355,0.000315082204860535,0.00786801402524765
"72","ENSMUSG00000032218",98.5406530620865,2.68062807510016,0.327291771980861,1.53929944382031e-17,8.11863843020986e-15
"73","ENSMUSG00000032327",179.307737377298,1.23349021058768,0.379092445436977,4.46028157310268e-05,0.00165172767616707
"74","ENSMUSG00000032783",18.7294103869866,1.96616020486326,0.64626800314663,9.7304973649761e-05,0.00307926012068016
"75","ENSMUSG00000033952",109.785496228454,2.04633996152086,0.352625252024178,3.18800181112706e-10,5.96636252931898e-08
"76","ENSMUSG00000034311",71.838502603731,1.8465510564814,0.327938662465826,8.86997769055818e-10,1.48444193946313e-07
"77","ENSMUSG00000034317",154.768056915116,1.8624144415601,0.285498926320499,3.47463178809766e-12,7.95736398313682e-10
"78","ENSMUSG00000034457",63.7777231018402,1.5729392446574,0.507602577792431,7.12485917577692e-05,0.00244592059081651
"79","ENSMUSG00000034855",163.402257355098,1.18228237095411,0.3042610964266,4.46172448359892e-06,0.000241168678997016
"80","ENSMUSG00000034906",75.7322156885988,1.35413333786327,0.348395341961198,4.45340063021487e-06,0.000241168678997016
"81","ENSMUSG00000035042",41.0381592118149,1.18800109883758,0.648261256082569,0.00169369508957487,0.0289045250349145
"82","ENSMUSG00000035373",44.5360959926658,2.30699271370646,1.32477459226368,0.00146646914607077,0.0260980526455642
"83","ENSMUSG00000035385",108.460221262541,2.55988801431172,0.861320770492368,8.91137627816467e-05,0.0028669594107478
"84","ENSMUSG00000035683",33.3780941411278,1.94033477552475,0.497195686339489,4.28335805703203e-06,0.000234439770385668
"85","ENSMUSG00000036526",36.5990517889758,1.24316588668792,0.644651009709519,0.00142234537940613,0.025495284581425
"86","ENSMUSG00000036768",34.7976597434957,1.4394055596886,0.49295252111733,0.000133403260204692,0.0039826479311538
"87","ENSMUSG00000036777",148.031209954525,1.69074182618221,0.277381521797532,5.39885451161282e-11,1.09264026482117e-08
"88","ENSMUSG00000037466",71.749812887098,1.35451335215361,0.553167390036629,0.000451128913827222,0.0105112433000841
"89","ENSMUSG00000037474",69.8589587390659,1.5473222129453,0.405375949601179,5.62333841768584e-06,0.000292989903687764
"90","ENSMUSG00000037544",47.9519995110137,2.20981742909904,0.486989393341493,2.64567036685219e-07,2.16187289835974e-05
"91","ENSMUSG00000037628",29.4209860257786,2.88943346184433,0.637494313980171,2.94872973032132e-07,2.35424958514874e-05
"92","ENSMUSG00000037725",72.3747230561508,2.45203738714239,0.457011514466668,3.91294153722084e-09,5.5369713378316e-07
"93","ENSMUSG00000038179",102.260026723594,1.19520952965315,0.432612278834425,0.000204489972950517,0.00557307710109828
"94","ENSMUSG00000038379",28.5020916703308,1.95377394562096,0.54372381654915,1.41129566913342e-05,0.000626622477583345
"95","ENSMUSG00000038541",1211.5696094055,1.11241228832715,0.164669875933395,7.53395092881232e-13,1.98679418054513e-10
"96","ENSMUSG00000038943",153.342279932306,2.55312840414521,0.264449768078284,2.71040838094412e-23,3.14497719135549e-20
"97","ENSMUSG00000039187",28.6847335109372,1.55378867811788,0.509580664129321,8.98031057650815e-05,0.00288380637609086
"98","ENSMUSG00000039396",28.0729178809503,2.72546678186754,0.61259073283241,4.33401582082742e-07,3.29404128216163e-05
"99","ENSMUSG00000040084",71.3593321748172,1.63863175470332,0.471394798355904,1.95994167529533e-05,0.000834053419523601
"100","ENSMUSG00000040204",54.1272103836591,1.67697170141716,0.44544276613639,6.92124038666111e-06,0.000343202817463922
"101","ENSMUSG00000041064",13.8098381977007,1.36527701967001,1.04227564303865,0.00361291873434421,0.0499070242629055
"102","ENSMUSG00000041219",239.451648198967,1.27643288265418,0.221179295180949,3.96336728807683e-10,7.26130606831339e-08
"103","ENSMUSG00000041431",91.8585733546507,2.6298469957777,0.343019753304003,1.03093724837541e-15,3.8177580442498e-13
"104","ENSMUSG00000041481",91.7072320939804,1.25391108190983,0.589997922588876,0.000944162600845872,0.0184228139772673
"105","ENSMUSG00000041498",21.677727777341,1.56273611237078,0.760604025123205,0.00110430061838225,0.0207115864902403
"106","ENSMUSG00000042489",35.9290522251015,1.50756864954435,0.48611222730611,7.55067175317755e-05,0.00254196212503008
"107","ENSMUSG00000043298",61.7999003064089,1.61987583137811,0.497460461018781,4.25790179665154e-05,0.0015937372208757
"108","ENSMUSG00000043903",28.8754506301955,2.05116893991963,0.910068299071303,0.000649079711480686,0.0138786638554316
"109","ENSMUSG00000044201",11.590599022842,2.10309479511668,1.16256897074674,0.00185755202679858,0.0311471031083133
"110","ENSMUSG00000044783",1329.75880855134,1.15471160043173,0.28540843665488,2.33611671947633e-06,0.000138299698988046
"111","ENSMUSG00000046179",29.1920567401623,1.7579038903639,0.524977876551465,3.34759092199137e-05,0.00131523295704876
"112","ENSMUSG00000046295",28.1727892731728,2.34984210621333,0.545483248187563,8.05930202566823e-07,5.52252565971478e-05
"113","ENSMUSG00000047347",41.249001238855,1.1670507561401,0.951353663635622,0.00362197956743852,0.0499528956983102
"114","ENSMUSG00000047534",39.5328144370911,2.48140190644865,0.48374787367526,1.50807653511636e-08,1.77351838470947e-06
"115","ENSMUSG00000048327",79.3329078607942,2.43392992165075,0.344445282785053,8.56147224582174e-14,2.52563431251741e-11
"116","ENSMUSG00000048922",54.468357963444,1.11682314454645,0.531471783756241,0.0010518676288785,0.0201308878984798
"117","ENSMUSG00000049037",64.7089730821857,1.32219798475752,0.641939525953623,0.00106251808632368,0.0202775518557715
"118","ENSMUSG00000050370",91.5827601504372,1.50308561074325,0.650691277552918,0.000589800634300738,0.0128318500500054
"119","ENSMUSG00000051220",43.1338957922255,1.78692234863452,0.485247512946729,9.61018178291875e-06,0.000454525037857883
"120","ENSMUSG00000051378",30.4932493181879,2.3790733058214,0.530300201473559,3.74314612695243e-07,2.87002019117212e-05
"121","ENSMUSG00000053063",65.3780868315717,1.1745967542727,0.326348877666391,1.39226472847585e-05,0.000621386880864386
"122","ENSMUSG00000053168",471.903112701268,1.61252829935707,0.140128210318967,6.65574940673595e-32,1.15843318424239e-28
"123","ENSMUSG00000058290",55.6697940487616,1.52724426296251,0.358478690465971,9.4051338637716e-07,6.29149593213878e-05
"124","ENSMUSG00000058818",142.270926161751,1.11752490481763,0.306060721546825,1.13361976598898e-05,0.000523359470213215
"125","ENSMUSG00000060962",17.9706793735595,2.42951196869632,0.693976660561921,2.16860954188142e-05,0.000907323295106879
"126","ENSMUSG00000063953",206.126863418277,3.03158310390699,0.283935532183061,7.6683607566494e-28,1.11223182474569e-24
"127","ENSMUSG00000068101",20.5215392762446,1.1045704202435,0.716133586176593,0.00287218575577752,0.0426903442180255
"128","ENSMUSG00000068606",42.3441337094043,2.06653528892966,1.12583087712785,0.00135320124122326,0.0244514352950291
"129","ENSMUSG00000068744",39.6835628491397,2.1592166539898,0.476902097550377,2.77254958152362e-07,2.23408451233419e-05
"130","ENSMUSG00000069793",95.4602322000851,1.14659130674122,0.31668800950397,1.27757574834456e-05,0.000582099630888406
"131","ENSMUSG00000072082",35.7721846868793,1.99415666279343,0.451998364031353,4.92964549286271e-07,3.66668717108015e-05
"132","ENSMUSG00000072596",17.2116891714101,2.47073953592401,0.757890036709225,5.08296660295886e-05,0.00184310486926039
"133","ENSMUSG00000073988",1174.7609515551,1.14339938001984,0.228104080095371,2.61308740557532e-08,2.89686536904703e-06
"134","ENSMUSG00000076532",22.0935165131087,3.05248210952448,1.66264188865509,0.00131024940711126,0.0239295812494978
"135","ENSMUSG00000076540",12.4104188943876,3.31257866191537,1.25297385648603,0.000361615692344932,0.00885856617080373
"136","ENSMUSG00000076545",16.867249415559,1.60127856883825,0.921224824920955,0.00196213857685519,0.0324784551098795
"137","ENSMUSG00000076547",34.38893500645,4.92277392579399,1.32142883405197,8.91047716836963e-06,0.000426062788778773
"138","ENSMUSG00000076552",39.6604691000126,2.873087314257,1.27866578593217,0.000571497386792431,0.0125118390152481
"139","ENSMUSG00000076577",81.6642492572193,2.38852293606413,0.855768001170988,0.000156066406884201,0.0045498245923367
"140","ENSMUSG00000076583",35.7089857686329,2.71118488904737,1.24291573322105,0.000675630408229114,0.0143232000672688
"141","ENSMUSG00000076615",11.2349641013585,3.39169291916348,1.4481370986765,0.000761762313961611,0.0155615881156125
"142","ENSMUSG00000076617",342.540941175756,1.59945389420761,0.452001234982923,1.5473261541283e-05,0.000681802828167166
"143","ENSMUSG00000076646",8.56966446359916,4.41916899627906,1.72414767042276,0.000396869815658721,0.00946235498841101
"144","ENSMUSG00000076674",38.303813746403,4.3272354652707,0.711317559388514,1.08275018768835e-10,2.1661226455995e-08
"145","ENSMUSG00000076680",23.2119475190435,3.67673782513774,1.29502159493037,0.000154254129974273,0.0045198537579162
"146","ENSMUSG00000076934",84.5885511241397,1.73942235956808,0.835925566351316,0.000914032534035448,0.0179354410990834
"147","ENSMUSG00000079227",109.580010111537,1.13252306448664,0.502282214658918,0.000742277795736685,0.0153072808469159
"148","ENSMUSG00000079553",81.2970101344479,1.10388804246622,0.319284931046367,2.35721020933617e-05,0.000967623672016416
"149","ENSMUSG00000081604",58.8738655266132,10.1278312883401,2.8641980421374,5.64374431112794e-14,1.72332227605582e-11
"150","ENSMUSG00000085666",63.0395750086836,4.52448350259445,0.490102032226612,4.41222370762435e-21,4.04182913848431e-18
"151","ENSMUSG00000086156",62.3485922653518,1.18961755790426,0.435678494647062,0.000227662444302403,0.00604956464592874
"152","ENSMUSG00000089722",22.3861733771963,8.41135791226721,2.74684388356348,3.68355071996769e-09,5.29286031809055e-07
"153","ENSMUSG00000093938",71.4826965664174,1.44628751170954,0.312037620130363,1.68647417673791e-07,1.45068282138968e-05
"154","ENSMUSG00000094006",68.5058948034902,4.8332772103365,0.874951240186035,1.84447520919755e-09,2.84098150584809e-07
"155","ENSMUSG00000094066",9.48759293144231,3.92382857816031,1.30881324286394,0.000280884813464329,0.00714736868179335
"156","ENSMUSG00000094420",85.3263873145029,1.69190385565999,1.15157979569757,0.00235190550942967,0.0366800317129241
"157","ENSMUSG00000094433",83.1990307209531,2.06346883070489,3.6098190237075,0.0031995572359815,0.0460995808710746
"158","ENSMUSG00000094694",47.8733283240356,3.32533498376187,1.13459289843345,9.97967000721627e-05,0.00314097932143941
"159","ENSMUSG00000094797",69.8047634681094,2.07029778918812,0.747242427999972,0.000171647518984185,0.00484987835701255
"160","ENSMUSG00000094872",31.5300125123061,1.67517475976155,1.01625343095502,0.00201488852204708,0.0329597130885615
"161","ENSMUSG00000094930",33.5967985693547,2.47882485405263,1.44985426568205,0.00156221077222286,0.0272720947748635
"162","ENSMUSG00000094951",73.6532216811668,3.63956885186037,0.980922475685397,7.32492654668892e-06,0.000359430021152567
"163","ENSMUSG00000095134",15.7653046949373,7.64206102224202,2.79708656800683,8.72986140193718e-07,5.86653427415894e-05
"164","ENSMUSG00000095210",14.0616819881334,3.95935084114566,1.31845104567093,0.000159319706529538,0.00460624500356579
"165","ENSMUSG00000095416",14.0228246945565,2.16116322608487,1.42836079232833,0.00244406735938106,0.0378460786388143
"166","ENSMUSG00000095429",12.1747360356631,4.01591199944832,1.6579954679846,0.000766663503641532,0.0156433508568357
"167","ENSMUSG00000095442",38.8695541974837,4.03534165545916,1.17791028880159,2.29817552627922e-05,0.000947861256750942
"168","ENSMUSG00000095571",73.1521015979692,3.58872520444803,1.64346389494239,0.000534735238241764,0.0119016199764679
"169","ENSMUSG00000095583",19.7137844999208,2.63306650531158,1.36765765289944,0.00120456639589497,0.0223037001282468
"170","ENSMUSG00000095863",23.7322102815288,6.20077733565216,1.65201242133803,5.6581802604258e-06,0.000293097105454497
"171","ENSMUSG00000096638",39.6572736525276,3.50557670592233,1.08478845868692,4.16174441778485e-05,0.00156786064050964
"172","ENSMUSG00000096965",68.0599637599808,1.84881088496661,0.591638384017299,6.24689594247522e-05,0.00218327758792733
"173","ENSMUSG00000097644",24.0159156526468,6.47946872169986,1.3437904113074,4.02214453211156e-08,4.29481138536207e-06
"174","ENSMUSG00000098090",17.7626042780017,1.82091133014207,0.784475351285038,0.000637761869529244,0.0137040065915512
"175","ENSMUSG00000098318",39.9946605836575,1.55943062751609,0.490858659712286,5.83411348359079e-05,0.00207124379126746
"176","ENSMUSG00000099398",22.0419086676498,1.65514947961075,0.771320216440146,0.000899550082377036,0.0177312221786776
"177","ENSMUSG00000100303",52.6987976994608,1.33776992210154,0.489898507653719,0.00022064215089382,0.00590648293853975
"178","ENSMUSG00000103271",28.4968540312097,8.64633358675601,2.943765101368,1.44682291906898e-07,1.26542476916561e-05
"179","ENSMUSG00000103297",20.417198276605,3.07692612186369,1.68836310956032,0.00132913297699743,0.0241729983956534
"180","ENSMUSG00000104422",34.1473148340169,5.36680712265857,1.40339538984151,8.45401291592717e-06,0.000407595830475658
"181","ENSMUSG00000104814",174.963627935517,1.45957170509542,0.247944580699926,1.95609917276429e-10,3.82538270808568e-08
"182","ENSMUSG00000104969",55.0287394310133,1.44537028127734,0.552025891581923,0.000292010052434006,0.00736584777190418
"183","ENSMUSG00000105906",87.3714696295837,1.735097153059,0.899715560514259,0.00122440349797007,0.0225988789842727
"184","ENSMUSG00000108037",113.038082571265,1.24417729700489,0.297162778464858,1.29111450109622e-06,8.23144611413174e-05
"185","ENSMUSG00000108589",9.3909047332519,3.42287400041367,1.13335833741096,0.000202588041558619,0.00553539225012207
"186","ENSMUSG00000108608",29.175924710333,4.90082091738709,1.60217671951825,9.01830203944506e-05,0.00289067305702654
"187","ENSMUSG00000109136",9.58846258234084,1.72528280798239,1.16067613175315,0.00313796160221413,0.0455514776368115
"188","ENSMUSG00000109834",24.7025247349856,8.6215709173712,2.73318826416095,4.05718555911598e-10,7.35576194337642e-08
"189","ENSMUSG00000110494",374.87685001651,1.27677582346285,0.273373591035652,1.39444327877955e-07,1.23199417599787e-05
"190","ENSMUSG00000110631",1349.84111749008,1.65427197982382,0.322976892632123,1.3582920344545e-08,1.61925156573154e-06
"191","ENSMUSG00000112428",62.6929416665334,4.71481525690972,0.570935141889379,1.81634254250558e-17,9.29807116244402e-15
"192","ENSMUSG00000114544",133.878794363374,1.5532492759345,0.46960270907388,3.54929209802361e-05,0.00137891582513618
"193","ENSMUSG00000116461",104.173698044417,11.0797270235942,2.9572187354342,1.65069690616251e-16,7.18259491293964e-14
"194","ENSMUSG00000118370",26.1027944370331,2.03833942810009,0.739043812887549,0.00019676700093924,0.00540178178445975
